Year;AFG;AGO;ALB;ARE;ARG;ARM;ATA;ATF;AUS;AUT;AZE;BDI;BEL;BEN;BFA;BGD;BGR;BHS;BIH;BLR;BLZ;BOL;BRA;BRN;BTN;BWA;CAF;CAN;CHE;CHL;CHN;CIV;CMR;COD;COG;COL;CRI;CUB;CYN;CYP;CZE;DEU;DJI;DNK;DOM;DZA;ECU;EGY;ERI;ESP;EST;ETH;FIN;FJI;FLK;FRA;GAB;GBR;GEO;GHA;GIN;GMB;GNB;GNQ;GRC;GRL;GTM;GUY;HND;HRV;HTI;HUN;IDN;IND;IRL;IRN;IRQ;ISL;ISR;ITA;JAM;JOR;JPN;KAZ;KEN;KGZ;KHM;KOR;KOS;KWT;LAO;LBN;LBR;LBY;LKA;LSO;LTU;LUX;LVA;MAR;MDA;MDG;MEX;MKD;MLI;MMR;MNE;MNG;MOZ;MRT;MWI;MYS;NAM;NCL;NDL;NER;NGA;NIC;NOR;NPL;NZL;OMN;PAK;PAN;PER;PHL;PNG;POL;PRI;PRK;PRT;PRY;PSX;QAT;ROU;RUS;RWA;SAH;SAU;SDN;SDS;SEN;SLB;SLE;SLV;SOL;SOM;SRB;SUR;SVK;SVN;SWE;SWZ;SYR;TCD;TGO;THA;TJK;TKM;TLS;TTO;TUN;TUR;TWN;TZA;UGA;UKR;URY;USA;UZB;VEN;VNM;VUT;YEM;ZAF;ZMB;ZWE
1979;11.65148;21.5449;11.62682;27.41805;14.5103;6.85885;-35.65592;2.95995;22.0901;5.37985;12.31988;19.62444;8.5219;26.7814;27.916;25.6301;10.60336;24.74413;9.30026;5.78765;24.741;19.58535;24.22762;25.88452;7.67837;21.65313;25.06414;-5.0027;4.02673;8.934;6.28973;25.81408;23.77545;23.47296;24.04043;23.58123;22.6176;24.6943;19.6091;18.43606;7.2926;7.85226;27.91906;6.7545;23.29907;22.7121;20.42477;22.45043;26.54373;12.83718;4.75408;22.68627;1.64236;23.46267;6.76412;12.0781;23.82464;7.77532;8.17205;26.6526;25.671;27.61303;27.2459;23.08535;13.91046;-19.4857;22.09628;24.73547;23.1494;11.10943;24.09426;10.57504;24.42355;23.90234;8.56347;17.2965;22.90984;-1.7009;19.6107;11.6022;24.4779;19.2807;11.26852;6.253;24.11913;0.06985;27.13363;11.93508;9.5642;25.97485;22.81542;14.80114;24.9364;21.76614;26.59844;10.8381;5.6101;7.65194;5.24978;18.68414;9.62454;22.0955;19.9845;10.44985;28.0798;23.5368;8.38806;0.9683;23.33532;27.27108;20.9803;24.9949;20.69827;21.70394;8.50945;27.03768;26.63738;24.9231;-1.45856;12.3577;9.90566;27.549;19.38815;24.2628;18.3915;25.24322;22.76226;7.1999;24.75494;6.51574;14.30886;23.24987;19.74297;26.93463;9.19824;-5.38563;18.84777;23.84814;25.4202;26.9454;26.65704;28.5935;25.28387;25.66415;25.4996;24.44882;26.79232;10.5266;25.30837;7.61562;8.98693;1.79434;18.78173;18.7244;26.64092;26.32675;26.24355;-0.08002;16.22747;24.37448;25.87225;18.90453;11.3283;19.1946;21.8394;22.36016;8.00445;17.07522;8.56667;13.19872;25.06964;23.42858;23.9095;24.83416;17.44906;20.99462;20.58126
1980;12.30172;21.93707;11.06182;27.62594;14.7262;6.33996;-34.09469;2.95187;22.5214;4.78634;11.62148;19.59728;8.8032;27.37393;28.59234;25.06194;9.85327;24.696;8.28433;4.90487;24.75695;19.70034;24.49023;25.7941;7.70986;21.29513;25.27175;-4.4039;3.58773;8.6435;6.19744;25.83157;23.87887;23.54537;24.00738;23.81332;22.84127;25.02395;19.14712;17.90225;6.62512;7.78997;28.26342;7.50005;23.82534;22.72088;20.5899;21.97436;26.6783;12.8308;4.3089;23.09625;1.11578;23.6789;6.42053;11.84643;23.82467;8.5075;7.51638;26.78362;25.90737;27.85464;27.29955;23.12005;13.55416;-18.44259;22.10146;24.7546;23.0844;10.00164;24.63806;9.2055;24.499;23.8691;9.30203;17.6186;21.9354;0.70532;19.17333;11.04763;25.1407;18.7964;10.40222;5.76458;24.9809;0.4026;27.09207;10.5274;9.09356;25.25543;22.9276;14.12747;24.86364;21.53326;26.5019;10.99334;5.1178;7.65273;4.7294;19.00036;8.05853;22.09472;20.36587;9.91897;28.46542;23.46298;7.83706;0.38015;23.27398;27.18926;20.95516;24.94695;20.82028;22.04498;9.19027;27.11068;26.71514;24.9037;-0.9642;12.32903;9.71194;28.08242;20.10674;24.6414;18.42562;25.19836;22.73947;6.53423;25.45474;5.49743;14.47933;23.24313;19.22238;26.8793;8.0762;-4.89704;18.85793;24.01742;25.351;26.74005;26.7163;28.678;25.33492;25.53134;25.6232;24.6252;27.09106;9.53637;25.4417;6.4566;8.1821;1.86755;18.49203;17.8771;26.52947;26.6755;26.24917;0.16174;15.86047;24.19113;25.81616;18.44012;10.6255;19.32058;22.09176;22.59875;6.66265;17.73745;9.08453;12.67565;25.0215;23.4933;24.0239;25.21502;17.48123;21.36456;20.7308
1981;12.0303;21.73797;11.26028;27.47613;14.65655;6.4908;-34.32725;3.12118;22.0099;5.65502;11.9738;19.5601;9.1603;27.1959;28.21887;24.67922;10.54238;24.36315;8.8877;6.5653;24.54363;19.48156;24.36572;25.78372;7.4523;20.7993;25.1502;-2.78843;4.21136;8.7107;6.22106;26.00073;23.71075;23.47244;24.01934;23.47793;22.61663;24.55947;19.52892;18.2194;7.65234;8.34448;28.14434;7.43942;23.4449;22.991;20.4175;21.7151;26.51348;13.50823;5.09506;22.6842;1.00768;23.5639;6.7196;12.4674;23.86025;8.37716;8.08288;27.04666;25.52596;27.6602;27.23794;23.1083;13.8302;-19.69118;21.87853;24.7306;22.92574;10.91784;24.15008;10.6175;24.43588;23.39843;9.45928;17.2097;22.1777;-0.48292;18.94097;11.58782;25.00543;18.58947;10.24288;6.78753;24.62252;-0.4589;26.82812;10.80016;9.50884;25.72863;22.6134;14.24417;24.92822;21.5927;26.15334;10.53054;6.37048;8.18884;5.7978;19.1648;9.48477;21.97595;19.99307;10.0275;27.9767;23.12112;8.1156;0.34564;22.95895;27.25546;20.86;24.93423;20.59313;22.1106;9.3375;26.4068;26.4126;24.68826;-1.4735;11.63406;10.3071;27.71462;19.83178;24.4485;18.149;25.08776;22.8137;7.7661;25.19607;5.7906;15.18972;23.3295;19.02212;26.90005;9.07125;-3.6685;18.7918;24.14236;25.2122;26.4452;26.9229;28.5724;25.3766;25.3963;25.29418;24.13107;26.75982;10.3552;25.4608;7.72866;9.07653;1.6615;18.19607;18.13845;26.01452;26.71172;25.81463;-0.3896;16.24777;24.22732;25.98904;19.336;11.24105;19.20773;22.11996;22.45535;8.56655;17.44357;9.65045;13.13278;24.91433;23.4249;23.99188;24.90762;16.87982;21.30355;20.11868
1982;10.64388;21.51614;11.96707;26.44378;14.67986;4.68282;-35.37012;3.297;21.84997;6.06475;10.3594;19.72952;9.79382;26.89593;27.93752;24.94814;10.33587;25.1457;9.57165;6.5774;24.88052;19.66982;24.48864;25.76745;7.30908;22.00387;25.002;-5.8115;4.7137;8.81484;6.42462;25.7372;23.67916;23.42935;23.91717;23.39297;22.91387;25.2992;18.775;17.48788;8.0551;8.96136;28.03893;8.2321;23.2075;22.46148;20.5331;21.4228;25.8963;13.46032;5.46212;22.64672;1.9646;23.58505;6.81634;12.9771;23.72302;9.05087;6.70846;26.77426;25.32308;27.0159;26.94528;22.991;13.72808;-19.92441;22.24197;24.8466;23.19216;11.33557;24.24197;10.56478;24.4404;23.39773;9.62557;15.85055;20.72936;0.3603;18.3392;12.22888;25.20965;17.44073;11.04516;6.32122;24.60604;-0.77637;26.62063;11.8156;9.85375;24.6781;22.53582;13.27004;24.7749;21.2706;26.35977;11.22836;6.7629;8.7344;6.1248;18.46728;9.50842;21.96002;20.41808;10.51818;27.61654;22.88757;8.87078;1.31637;23.26534;26.42343;20.89535;24.8857;20.86785;21.69604;10.0332;26.6144;26.56234;24.87866;-0.1893;11.79897;9.45678;27.33605;19.00155;24.38122;18.3633;24.9901;22.5138;8.32766;24.82864;6.66055;14.67465;23.34435;18.4399;25.73956;9.0549;-4.61982;18.92745;23.1245;24.117;25.9247;26.6439;27.9428;25.2708;25.3734;25.75506;24.33996;26.9452;10.47448;25.49722;7.9531;9.51757;2.98742;18.7198;16.95587;26.01617;26.4028;25.7905;-1.27866;14.81835;23.71008;25.604;19.5556;9.92098;19.18075;22.12087;22.31176;8.0427;17.70178;8.45376;12.03854;24.76745;23.26565;23.92614;24.85122;17.57635;21.42333;21.18652
1983;11.58315;22.02;11.34637;26.23727;14.3533;5.53042;-35.37795;2.7425;22.1147;6.3119;11.29495;20.0157;9.7857;27.44512;28.6414;24.76968;10.56848;24.7165;9.2732;7.46426;25.13357;19.74886;24.77538;26.09634;7.07708;22.42254;25.58926;-4.69468;4.81298;8.8054;6.1309;26.27087;24.12765;23.97906;24.3944;23.73666;23.28866;25.02487;18.74337;17.34393;8.46423;9.06957;28.32336;8.58587;23.84548;23.11407;20.72625;21.2255;26.0772;13.47015;6.22332;22.96487;2.15722;23.74944;6.95138;12.80898;24.1113;9.1494;7.23086;27.46926;25.86456;27.97735;27.5345;23.3294;13.42416;-20.80913;22.48763;25.1372;23.6553;11.37368;24.85525;11.0834;24.72015;23.17373;9.91406;16.60507;21.28045;-0.18217;18.2165;11.94427;25.58428;17.63293;10.83346;7.7832;25.13177;-0.0921;27.06298;11.62972;9.4919;24.95272;22.6046;13.21423;25.10677;21.11773;26.87017;11.63644;7.56368;8.70754;6.96545;19.63635;10.21237;22.37982;19.88796;10.05706;28.43728;22.90768;8.2826;0.73083;24.0542;27.97946;21.8325;25.27606;21.2495;22.38745;10.08764;26.4964;26.86987;25.43075;-0.0034;11.5718;9.40518;26.89318;19.01846;24.74316;19.12042;25.41433;22.97082;8.93014;25.4329;6.6565;14.64312;22.60897;18.35534;25.77215;9.5088;-3.44114;19.20748;24.6837;24.23165;25.88412;27.00125;29.15957;25.358;25.75292;25.94937;24.40908;27.3725;10.7586;25.93475;8.42312;9.6596;3.2002;19.4265;17.16067;25.99838;26.95553;26.13854;-0.3435;16.7164;24.24084;25.8592;19.36358;10.06957;19.24288;22.55465;22.67816;8.85818;17.03222;8.84454;13.76754;25.3122;23.22817;24.27148;24.4818;18.0111;22.24706;22.08654
1984;11.47302;21.70178;11.60046;27.02496;13.7466;5.5227;-34.82537;2.49395;21.40743;5.2041;10.84985;19.38726;9.15026;27.21862;28.48602;24.77535;10.41522;24.4319;8.8816;6.24737;24.5389;19.47778;24.37994;25.4395;7.6761;22.2795;24.961;-4.5277;3.65777;8.12023;5.91152;25.99084;23.82635;23.379;24.09658;22.9618;22.459;24.85845;19.22033;17.9292;7.28494;8.00363;27.9419;8.1468;23.3281;22.35485;19.77725;21.92355;26.70556;12.54724;5.77383;22.87145;2.67117;23.9086;6.11804;12.11132;24.02935;8.9818;7.2161;27.04052;25.51537;27.52834;27.1321;23.16424;13.783;-19.86037;21.91708;24.33517;22.89697;10.62655;24.40887;10.22384;24.19143;23.39083;9.5301;16.41427;21.4876;1.16097;18.7955;11.22393;25.02862;18.2327;10.3082;4.9327;24.72625;-0.84672;26.69293;11.04794;9.53338;25.20846;22.4682;13.85485;24.849;21.4216;25.8445;10.99737;6.64;7.92745;6.22076;18.77484;9.04308;21.676;19.7516;10.4105;27.93228;22.95843;8.35916;-0.71586;23.23367;26.7768;20.98763;24.49804;21.34274;22.2331;9.32528;26.68997;26.8255;24.65853;0.62298;12.28582;10.2565;27.3992;19.50555;23.7679;17.9501;25.01873;22.6195;7.74658;24.73614;5.73608;14.2711;23.3404;18.81918;26.40704;8.84905;-4.812;18.52133;23.7153;24.68914;26.40103;26.75393;28.47448;25.27838;25.50872;24.97466;23.8146;26.5941;10.15447;24.96993;7.43362;8.6936;3.25137;18.18554;17.6237;26.47033;26.6501;25.74157;-0.60126;14.59097;24.07867;25.26223;18.83465;10.5914;18.94738;21.77947;22.31396;7.76608;16.87884;8.70043;11.48632;24.783;22.95535;24.27044;24.56964;17.77892;21.5723;21.2293
1985;12.06133;21.58352;12.00875;27.32458;14.68978;5.67028;-35.6073;2.60833;21.99468;5.06927;11.22195;19.38012;8.28076;27.18002;28.22082;25.1253;10.1572;24.57302;8.9166;4.62863;24.77624;19.52493;24.14694;25.60067;7.74203;22.11257;24.89956;-4.84208;3.88134;8.69985;5.9726;25.73873;23.63586;23.24322;23.8884;23.1847;22.3484;24.865;19.39303;18.12722;6.7199;7.4861;27.6616;6.73275;23.26037;22.9821;19.57986;22.30682;25.98745;13.41543;3.66854;22.43276;-0.3076;23.7419;6.83178;11.86654;23.7619;8.11505;7.21603;26.72503;25.62774;27.48266;27.16952;22.96063;14.1309;-18.60522;22.02227;24.32318;22.9728;10.4839;24.45654;9.49603;24.25805;23.68087;8.8342;17.0442;21.9026;0.29888;19.20034;11.7988;24.93856;18.75607;10.90145;5.66906;24.4239;-0.37937;26.71105;11.34365;9.52523;25.6019;22.47527;14.37045;24.79235;21.66912;26.13357;11.30654;4.85876;7.35085;4.30746;19.24044;7.76617;21.7194;19.80752;10.52734;27.81915;22.91833;8.65637;-0.22455;23.0723;26.902;20.63564;24.69512;20.8698;21.99914;8.41247;26.55154;26.59667;24.56176;-1.36097;12.38162;10.1981;27.69125;19.88275;23.88036;17.87228;25.09872;22.56304;6.63854;24.61416;5.8105;14.8911;23.4972;19.28875;26.59002;8.0154;-5.04383;18.4982;24.16702;24.96057;26.13952;26.1886;28.23925;25.33438;25.49664;25.34976;23.97302;26.70837;9.78817;24.96707;6.70416;8.52636;0.6865;18.99597;18.0024;26.06933;26.5393;25.8252;-0.35004;15.8647;24.1131;25.40484;19.5986;10.5591;19.0699;21.7558;22.01013;6.3855;17.73123;8.5217;12.68994;24.55667;23.01818;24.29492;24.95553;17.87994;21.17944;20.67584
1986;11.14025;21.48553;11.86584;27.38043;14.71676;5.99505;-35.13866;2.76824;22.0314;5.47778;11.46172;19.59362;8.71926;27.0763;28.14092;25.05212;10.39654;24.93505;9.06664;5.90807;24.53362;19.64382;24.33032;25.66116;7.47006;21.93463;25.2471;-4.83304;4.24407;8.44155;6.13098;25.85424;23.89245;23.41693;24.11395;23.10797;22.51248;25.10278;19.5171;18.20486;7.4468;7.95834;27.61022;7.1629;23.3361;22.66934;19.7292;21.9957;26.2202;13.0983;4.9933;22.68362;1.32156;23.3808;6.11135;12.1756;23.88125;7.9566;7.7587;26.75775;25.4162;27.20138;26.93588;23.037;13.94995;-19.0327;21.96163;24.58828;22.5854;10.69888;24.53185;10.30096;24.35595;23.51025;8.48495;16.29897;21.9891;0.5333;19.03906;11.8306;24.9156;18.56115;10.40243;5.85787;24.60894;-0.49387;26.64947;10.79553;9.77072;25.411;22.46496;14.29153;24.86224;21.51452;26.33062;11.08972;5.97283;7.78155;5.5616;18.63995;9.39904;21.74407;19.99957;10.59442;27.75927;23.18963;8.78362;0.5589;23.12527;26.36495;20.75186;24.7881;21.11425;21.96115;8.91296;27.01205;26.77694;24.53393;-0.85956;11.82418;10.07687;27.4859;19.23437;24.19763;17.96743;25.15487;22.74154;7.41674;24.71182;5.71353;14.423;23.80566;19.18112;26.69387;9.15527;-4.40677;18.8259;23.2823;24.84796;26.353;26.519;27.98858;25.34857;25.5111;25.36584;23.89425;26.83657;10.32922;25.35568;7.54366;8.7818;2.1711;18.97186;18.2316;26.5459;26.48818;25.78143;-0.81684;15.92855;24.128;25.45876;19.36828;10.99587;18.96154;21.8639;22.2039;7.86834;17.79864;9.4301;12.8289;24.66937;23.1577;23.94286;24.8569;17.84054;21.04266;20.71124
1987;12.4504;22.23342;11.85168;27.3523;14.51174;5.87206;-35.54368;3.09585;21.98882;5.39037;11.259;20.30233;8.6305;27.91778;29.0135;25.37426;10.19384;24.74648;9.16067;4.2716;24.94677;19.9132;24.94122;26.08145;7.89016;22.78842;25.9175;-3.2799;4.2847;8.79922;6.6171;26.62255;24.55517;24.02316;24.646;23.7486;23.43554;25.13558;19.2641;17.96182;6.80923;7.47512;28.34768;6.72604;23.85967;23.82058;20.54763;22.0204;26.72955;13.7328;3.37167;23.3198;0.00958;23.42254;6.5233;12.34667;24.43704;8.3307;7.34066;27.60662;26.27706;27.73882;27.6076;23.63168;13.78503;-18.56214;22.39355;25.398;23.22192;10.81237;25.00875;9.91393;24.6801;23.9568;9.2225;17.4266;22.3033;1.86236;18.97308;11.96688;25.5087;18.7768;11.25518;5.50552;25.31313;-0.30448;27.2847;11.58087;9.84033;26.2282;22.9395;14.28402;25.42965;21.76437;26.6033;11.03906;4.56902;7.6955;4.07003;19.7679;8.07925;22.40527;19.66335;10.73403;29.0282;23.38674;8.57137;0.36086;23.93365;28.2718;21.71218;25.14416;21.61508;22.0049;8.71646;27.2171;27.36755;25.54928;-1.2384;12.43044;10.1291;27.69116;20.10845;24.83422;18.7122;25.5719;22.85168;6.48992;25.26006;6.34423;15.38824;23.20706;19.00027;26.9367;8.56924;-5.83198;19.4698;24.86776;25.57006;26.78405;27.3616;28.84927;25.34988;26.12945;26.165;24.40328;27.24417;10.3517;26.47088;7.09197;8.82968;1.32644;19.21166;18.13406;26.61053;27.32525;26.30218;-0.61515;15.8438;24.1904;26.27816;19.90356;10.39535;19.60153;22.5288;22.95376;5.9698;17.2799;9.52648;12.4967;25.45352;23.86276;23.90844;25.26806;17.9199;22.30886;22.08157
1988;12.74053;21.8852;11.8277;27.3756;14.32437;5.57528;-34.79322;2.28253;22.50347;6.16296;11.36978;19.85073;9.99145;27.44174;28.3505;25.2963;10.51757;24.60662;9.49014;6.39337;25.0126;19.7598;24.5567;25.9507;8.23525;21.4344;25.74084;-4.1225;5.11398;8.58322;6.57162;26.1884;24.11102;23.72695;24.3092;23.5085;22.84985;25.13308;19.459;18.16265;8.1386;9.13583;27.97015;8.64813;23.55883;23.40115;20.0722;22.50097;26.47158;13.38827;5.69958;23.21322;2.04482;24.28655;6.36205;12.95748;24.19518;9.0538;7.34283;27.14364;25.9299;27.54205;27.40396;23.38275;14.0877;-18.78043;22.39465;24.99273;23.2893;11.40554;24.7958;10.6019;24.63745;23.87826;9.65383;17.5135;21.85922;0.27996;19.1267;12.31323;25.3598;18.47982;10.63033;6.40392;25.01675;0.01888;27.0539;11.51553;10.0075;25.83398;22.8598;14.18627;25.19924;22.22085;26.34997;10.44656;6.66006;8.9619;6.2771;19.1101;8.98522;22.3832;20.0669;10.70104;28.16052;23.47927;8.61706;0.5738;23.5615;27.1103;21.3445;25.02886;21.23312;22.83325;10.2664;26.95223;26.80618;25.09872;-0.4707;12.88265;10.28158;27.82507;20.5644;24.28823;18.438;25.62478;23.08126;8.27303;24.99905;6.42724;14.7782;23.10894;19.21047;26.93914;9.07095;-3.81885;19.03533;24.0041;25.3018;26.7207;27.3101;28.38714;25.59704;25.87838;25.4989;24.57482;27.23788;10.67217;25.79617;7.9605;9.66366;3.02886;18.80163;17.75543;26.45345;26.85174;26.12432;-0.10163;16.33688;24.48205;25.9853;20.0397;10.42837;19.49807;22.609;22.5213;7.64102;16.62164;9.26672;13.24035;25.17562;23.37652;24.5949;25.2441;17.35433;21.7791;21.0605
1989;10.71508;21.80645;11.5531;26.8219;14.966;6.49804;-35.3653;2.79427;21.72396;6.27648;12.35003;19.44036;10.51037;26.95425;27.9448;24.92437;10.89807;25.03488;9.49645;8.13738;24.91223;19.60064;24.22878;25.70873;7.404;21.36978;25.26208;-4.9703;4.99056;8.65945;6.4549;26.01595;23.72628;23.55563;24.1508;23.0893;22.5731;25.233;19.38564;18.1949;8.57034;9.54138;27.81655;9.32925;23.4537;23.3021;19.80947;22.07592;26.17965;14.24163;7.24172;22.56716;3.8598;23.78167;7.1932;13.40994;23.90426;9.6127;8.02575;26.80654;25.71316;27.41464;27.2883;23.13864;13.75903;-20.01221;21.97735;24.59872;23.0033;11.4117;24.6571;11.05883;24.33938;23.31896;10.10757;17.02844;22.1277;0.39895;18.98882;12.01232;25.08376;18.56518;11.66073;6.717;24.4003;-1.3514;26.87304;12.30032;9.75057;25.10134;22.595;14.38204;25.06802;21.6849;26.12777;10.26443;8.1487;9.32714;7.68728;19.26278;10.77993;22.0532;20.2937;10.46075;28.29403;23.01034;8.42666;1.52142;23.28408;27.4631;20.87704;24.77352;20.96853;22.0602;10.6485;26.19088;26.24178;24.69985;0.87002;12.0052;10.31774;27.19674;19.22567;24.0769;18.08273;25.2238;22.83593;9.33212;24.7166;7.38647;15.79382;22.9021;19.07318;26.3332;9.82983;-3.598;18.7476;24.27868;24.70385;26.01043;26.59576;28.3863;25.43762;25.6876;25.31176;24.10342;26.85195;10.72906;25.30828;8.45287;9.8149;4.3258;18.71606;18.3749;25.64147;26.52755;26.04034;-1.8645;16.12084;24.34472;25.69824;19.8288;10.9558;19.25866;21.8142;22.34;9.473;17.91226;8.8517;12.68282;24.60043;23.14068;24.31292;24.75112;17.1768;21.4156;21.121
1990;12.0607;22.0034;12.21377;27.35986;14.59426;6.21926;-34.84987;2.62808;22.28134;6.21673;11.91897;19.85476;10.41958;27.46993;28.53246;24.90212;11.2346;25.2784;9.8963;7.72653;24.98544;19.61123;24.6427;26.08517;7.99368;22.25338;25.97335;-5.0271;5.09747;8.6299;6.8434;26.1329;24.28494;23.82083;24.3465;23.3809;22.98715;25.49542;19.76425;18.53625;8.43124;9.5182;28.85827;9.43954;23.68426;23.47735;20.17947;22.3041;26.99926;13.95382;6.72283;23.09814;3.01742;23.8295;6.66122;13.38873;23.98095;9.6834;7.6309;27.0445;25.89483;27.751;27.7034;23.2386;14.33816;-19.4042;22.1989;25.01183;23.19958;11.74587;25.03182;11.23797;24.51183;23.31448;9.98297;17.7253;22.33535;0.8099;19.14745;12.36456;25.4249;18.6633;12.31606;6.80944;24.54073;0.3483;27.23324;12.51718;10.3785;25.83303;22.7886;14.5094;24.95052;22.07394;26.48168;10.58724;7.98608;9.33395;7.42742;19.482;11.02194;22.26867;20.2689;11.01623;28.60357;23.0939;9.09475;1.3415;23.68847;27.6413;21.553;25.135;21.44067;22.2594;10.73422;27.2589;27.02712;25.01165;1.46365;12.3041;10.3924;28.079;20.04614;24.44512;18.264;25.49722;22.89776;9.1173;25.02343;7.39947;15.39016;23.22018;19.19305;26.8386;10.00012;-3.5616;19.11346;24.39214;25.33102;27.22424;27.63928;28.8596;25.59332;25.58788;25.84252;25.00366;27.1739;11.18844;25.82437;8.3102;9.9473;4.35897;18.5414;18.25756;27.13442;26.80792;26.2994;0.3023;16.32122;24.26486;26.02496;19.91302;10.76327;19.64553;22.2198;22.5037;9.20892;17.2401;9.51547;13.2834;24.9438;23.5841;24.4062;25.70803;17.5294;21.88156;21.50845
1991;11.0444;21.83584;10.89868;26.7918;14.31783;6.18426;-34.24381;2.8789;22.37118;5.1891;11.75546;19.6745;9.21334;27.071;28.1914;24.94445;9.8795;25.1942;8.4935;6.78277;25.2385;19.88183;24.54666;25.94793;7.66833;21.38995;25.53588;-4.35877;4.2858;8.4635;6.53228;26.0048;24.1428;23.61593;24.37753;23.57375;22.88476;25.44113;19.44595;18.2581;7.19357;8.3305;28.4907;8.2753;23.63265;22.44616;20.35534;22.32754;26.91247;13.20883;6.23245;23.1499;2.42986;23.7316;6.23754;12.39654;24.05135;8.7042;7.86007;26.75057;25.80752;27.6769;27.57678;23.1604;13.16265;-19.29175;22.50027;24.92263;23.44473;10.57116;24.96856;9.87487;24.4396;23.54458;9.50265;17.39828;22.14196;1.70693;19.09225;11.52154;25.36422;18.57833;11.6805;6.72665;24.82314;-0.35392;27.22967;11.64916;9.07116;25.34756;23.06634;14.3845;24.73858;21.7394;26.45513;10.88708;7.06103;8.29055;6.7083;18.47128;9.1935;22.2105;20.066;9.64437;28.27877;23.35546;7.6768;0.8528;23.53948;27.00573;21.22097;24.9849;20.8475;21.8721;9.44946;26.99862;26.70068;25.09597;0.38708;12.1712;9.55;27.61547;19.34365;24.4237;18.4481;25.3949;22.8254;7.79443;25.00845;6.67495;14.98565;23.78173;19.18362;26.1273;8.59704;-3.78086;18.8368;23.58843;25.1808;26.9479;26.9398;28.46234;25.52233;25.47158;25.86273;24.58184;27.03488;9.7053;25.81985;7.24188;8.89477;3.30816;18.8513;18.10876;26.71798;26.43566;26.35473;-0.78116;15.8901;23.96447;25.8001;18.79754;10.5818;19.65347;22.3313;22.4305;8.09625;17.45724;9.4453;12.71798;24.90136;23.67498;24.06686;25.45526;17.50082;21.59863;21.42742
1992;10.8228;21.77816;11.5351;26.26922;13.84615;4.16833;-35.0005;2.8155;21.70272;6.5632;10.30374;19.78793;9.99087;26.88687;27.9175;24.99227;10.69448;24.6839;9.61825;7.0405;24.95406;19.3637;24.49737;25.90023;7.27575;22.73266;25.0054;-4.96097;5.04293;8.264;6.26605;25.8762;23.80053;23.5466;24.08074;23.58325;22.9335;24.98547;18.42214;17.18713;8.52203;9.33914;27.94103;9.05337;23.49258;22.18902;20.4088;21.62908;25.8244;13.1247;6.4006;22.87567;2.7364;23.6533;6.33083;12.78195;23.8247;8.98525;6.03082;26.73416;25.5183;27.61825;27.36663;23.08285;13.50878;-20.5655;22.33438;25.08648;23.36706;11.82815;24.6895;11.36025;24.39633;23.44402;9.4114;16.16873;20.646;0.77767;18.1192;12.26034;25.28256;17.38442;11.28152;5.8514;24.75515;-0.301;26.9976;11.90115;9.97112;24.05035;22.48315;12.91326;24.60647;21.18517;26.21188;11.44573;7.45464;9.09988;6.92947;18.45715;9.76656;22.0138;19.92568;10.58804;27.82437;22.76046;8.4823;0.88137;24.2436;26.77276;21.82745;24.9518;21.53304;21.87548;10.43212;26.29632;26.24374;25.1471;0.6225;12.0773;8.86697;26.8773;19.12832;24.4997;18.5832;25.3423;22.76757;8.65038;24.95144;6.73525;14.7321;22.7021;18.10485;25.70657;9.40127;-4.4391;18.91317;23.3388;23.96813;26.00155;26.75268;28.40624;25.261;25.17114;25.8084;24.45837;27.01556;11.01617;26.18044;8.33993;10.23803;3.69238;19.95834;16.69958;25.97952;26.3442;25.98892;-0.6096;15.28176;24.22527;25.81704;18.97216;9.13336;19.11877;22.23867;22.6225;8.18682;16.98498;8.9752;12.4263;24.97503;23.24624;24.0586;24.79217;18.02273;22.18585;22.42465
1993;11.33807;21.78634;11.66485;27.17068;14.32595;4.73223;-35.85166;2.86382;22.01254;6.02038;10.1111;19.9806;9.55685;27.35385;28.57964;24.77905;10.5212;24.95428;9.15566;5.9851;25.04812;19.72958;24.67285;25.83044;7.83697;22.24523;25.2646;-4.4016;4.65063;8.73675;6.40145;26.03216;24.13604;23.62396;24.24243;23.3476;22.71154;24.9998;19.36047;18.27603;7.6433;8.48828;28.23315;7.77844;23.54293;23.00372;20.25546;22.53982;26.43685;12.73406;5.03387;22.85003;1.9687;23.31793;7.02627;12.50552;24.12084;8.64727;6.23086;26.9775;25.70272;27.7602;27.55792;23.35272;13.83862;-20.03866;22.41674;24.83956;23.12274;11.02435;24.55145;10.5051;24.55468;23.59268;9.25598;17.17074;21.85677;0.78427;19.1546;12.1955;25.10067;18.59628;10.8649;4.7182;24.63336;-0.77173;26.6267;11.33822;9.88854;25.40893;22.47296;14.20913;24.78484;21.9395;26.29278;11.0971;6.28002;8.55117;5.72268;18.15887;9.0529;21.9893;20.3349;10.77673;28.44982;23.1337;8.6459;0.38638;23.7247;26.82363;21.42074;24.9137;21.4561;21.87066;9.54214;27.02847;26.81533;24.9037;-0.28474;12.5144;9.31695;27.67986;20.02938;24.41604;18.3555;25.35766;22.74078;7.77673;25.19366;6.41467;14.0917;23.45855;19.19198;26.6195;8.75366;-4.1895;19.11248;22.72512;24.9983;26.8296;27.14468;28.7681;25.19088;25.3427;25.47003;24.29504;26.92648;10.39282;25.76312;7.73147;9.65423;2.84268;19.10256;17.70077;26.68228;26.6443;25.936;-0.93836;15.02673;24.21676;26.0669;19.58248;10.1324;19.5115;22.5543;22.8467;7.2948;17.101;8.833;11.56518;24.99572;23.26864;23.6891;25.11425;18.04226;21.64477;21.48123
1994;11.6723;21.8636;12.76037;27.47393;14.95645;5.90936;-35.73968;2.31387;22.06835;7.53704;10.95727;19.68566;10.64868;27.08022;27.95684;25.14758;11.96365;25.2953;10.3664;6.73528;25.3016;20.27383;24.69198;26.06875;7.79415;21.7133;25.40856;-4.33423;6.09454;9.0372;7.01003;26.00524;24.1268;23.59866;24.26974;23.3591;22.8863;25.40304;20.40905;19.16332;8.9815;9.78192;27.89642;8.77407;23.66067;23.15252;20.10955;22.4783;26.5486;14.13522;5.2463;23.20922;1.99783;23.33413;6.3263;13.59536;24.06762;9.25305;7.32632;26.9383;25.4985;27.6528;27.18487;23.3856;14.8911;-19.52422;22.58145;24.85244;23.38357;12.3669;24.6478;11.97;24.57107;23.48528;9.5662;17.79308;22.77566;0.65765;19.70855;13.14105;25.34713;18.9719;11.97378;5.62448;25.02212;-0.46595;26.92376;12.80737;10.98895;25.76132;22.75424;14.966;24.7166;21.83108;26.08666;10.25912;6.83138;9.76547;6.0058;19.4419;10.87853;22.09722;20.82977;11.9436;27.84493;23.44204;9.68655;1.2889;23.53222;27.01153;21.47137;25.03747;21.18856;21.64126;10.5542;26.5652;26.49087;25.06246;-0.17917;12.5865;9.56207;27.98074;19.48553;24.38867;18.4148;25.36584;22.7263;8.8731;25.26327;7.35107;14.95797;24.32296;19.85217;27.00527;10.59408;-4.43528;18.85522;24.3055;25.38207;26.31887;27.03124;28.23022;25.30883;25.3023;25.94525;24.13632;26.71508;11.75747;25.63656;8.9877;10.95736;2.80178;18.40817;18.91375;26.15673;26.58306;26.13552;-0.60267;15.8109;23.9645;25.83563;20.36627;11.60543;19.86767;22.52587;22.69128;8.6553;17.64306;9.3297;12.34615;25.09362;23.5314;23.75268;25.37936;17.42294;21.81527;21.26995
1995;11.55224;22.25094;11.35308;27.082;14.6146;6.27453;-35.38732;2.5406;21.77563;6.19103;12.22546;19.95474;10.39572;27.33584;28.11147;25.3174;10.56832;24.95406;9.199;7.0402;25.53805;20.13574;24.77664;26.09838;7.90014;22.81658;25.495;-4.24964;4.82955;8.8218;6.67483;25.9565;24.222;23.80465;24.39865;23.6306;22.758;25.37365;19.80035;18.53073;7.95214;8.992;28.17993;8.4295;23.77297;23.2869;20.14565;22.49532;26.55166;14.605;6.17358;23.3466;2.5505;23.8166;5.9588;13.26714;24.2817;9.5339;7.5488;26.95733;25.70287;27.96356;27.85238;23.5035;13.87377;-18.78474;22.80862;25.31658;23.46646;11.30813;24.6529;10.76946;24.67132;23.69326;10.16067;17.8058;22.3633;0.2761;19.2773;12.09945;25.2816;18.7537;11.10073;7.60598;25.07858;-0.4246;27.1355;11.5651;9.54873;25.40194;22.68514;14.54244;24.9826;22.05898;26.37847;10.95233;7.00076;9.31182;6.6031;19.5596;9.65923;22.35534;20.8648;10.271;28.18774;23.62933;8.31344;1.5241;23.91662;27.06887;21.79397;25.0892;21.58743;22.61926;10.32934;27.22506;26.70754;25.15344;-0.07642;12.42166;9.82043;27.81072;19.4648;24.37652;18.75616;25.23605;23.03884;8.21752;25.38424;6.462;16.14706;23.76418;19.37063;26.54757;9.21188;-2.70008;19.06753;23.97695;25.23168;26.60552;27.1706;28.6074;25.62902;25.5933;25.34536;24.5669;27.04885;10.5162;25.9847;8.1698;9.8046;2.96307;18.46093;18.30322;26.60674;26.73364;26.19497;-0.8097;16.7955;23.9744;26.2305;19.73565;10.83004;19.08532;22.54412;22.9661;8.59286;17.1178;9.33822;13.6252;25.28048;23.30505;24.45117;25.29583;17.5287;22.42047;22.07165
1996;11.3225;22.14596;11.46676;27.63577;14.61825;6.58276;-34.60392;2.49078;22.2577;5.1512;11.8924;19.73303;8.55706;27.50692;28.48165;25.26702;10.16497;24.4298;8.61727;5.63833;24.86932;19.6648;24.5465;25.9153;7.94903;21.54147;25.4279;-4.9125;4.1901;8.68734;6.35098;25.84866;24.13693;23.655;24.13427;23.16528;22.4106;24.94033;20.01672;18.7353;6.3087;7.2495;28.00137;6.9623;23.25286;23.29037;19.63415;22.70785;26.4462;13.5818;4.56;22.9594;1.9198;23.86965;6.74206;12.36944;23.89938;8.52313;7.81698;26.81555;25.93026;27.8447;27.7215;23.2133;13.67504;-17.85078;22.2495;25.10018;22.8054;10.33438;24.2206;9.61346;24.6789;23.59466;9.14514;17.46823;23.15515;1.53732;19.79855;11.90807;24.66918;19.42693;10.72234;5.2606;25.05944;-0.82957;26.84133;11.46322;9.6606;26.15295;22.48287;15.07595;24.74615;22.26055;26.2143;10.03195;5.43405;7.60427;5.0345;19.01626;8.7127;22.15142;20.63534;10.41793;28.59927;23.38305;8.35378;0.4592;23.47415;27.38665;21.3889;24.99508;20.90878;22.4712;8.42758;27.29302;26.8232;24.71676;-0.36274;12.4297;9.67712;27.41796;19.47585;24.13857;18.29217;25.09524;23.13238;6.66458;24.70788;6.28945;14.97125;23.27502;19.8827;27.1971;8.65484;-4.43342;18.83434;24.00717;25.76217;26.55163;26.78024;28.8794;25.54168;25.55;25.08413;24.2084;26.90457;9.98034;25.72616;7.21548;8.59844;2.38464;18.43032;18.77206;26.73666;26.71908;25.86117;-1.306;15.59576;24.1229;25.99795;19.5909;11.2783;19.2383;22.3203;22.60854;7.44683;17.2848;8.6478;12.1168;24.9166;23.12136;24.42816;25.2275;16.8233;22.0781;21.01876
1997;11.44097;22.01577;11.6633;27.09072;14.94195;5.86736;-35.67945;3.34753;21.96346;6.33874;11.59628;20.0292;10.14764;27.31768;28.2423;24.70114;10.08285;25.18896;9.3051;6.35134;25.5472;20.197;24.86132;26.15292;6.91122;21.70077;25.41815;-4.2146;5.3589;8.99496;6.6937;26.02307;24.2126;23.87368;24.45312;23.70574;22.81127;25.92306;19.5938;18.25897;7.68405;8.9666;28.3959;8.60537;24.1771;23.36752;20.28558;22.25088;26.43798;14.50625;5.7361;23.1629;2.40502;23.4579;6.24987;13.46948;24.17697;9.78427;7.13152;27.0792;25.79696;27.91647;27.70712;23.4091;13.63326;-18.66222;22.8916;25.44296;23.38314;11.13726;25.3032;10.18188;24.89745;23.14544;10.2775;17.58038;21.8477;1.45748;19.20858;12.76858;25.2722;18.3238;11.43362;7.2457;24.92974;0.64916;27.1752;12.0771;9.67025;25.12206;22.81667;14.1919;24.85162;22.01553;26.50042;10.3493;6.79467;9.07812;6.27337;19.5485;8.9609;22.29852;20.2165;10.33712;28.2736;23.0976;8.52764;1.94653;23.48318;27.30898;21.35168;25.18337;21.0292;22.21563;10.1143;27.25982;26.79412;25.01333;0.4628;11.43237;9.46227;27.86843;18.97677;24.81942;18.9556;25.11566;22.827;7.94586;25.2209;6.78652;15.89285;24.15402;19.41097;26.6136;8.6625;-3.95078;19.1696;24.02914;25.10253;26.44778;27.14874;28.9747;25.22686;25.6498;26.0601;24.41552;26.6984;10.18243;25.94995;7.71984;9.67007;3.6414;18.3863;17.7129;26.5578;26.79263;26.3614;-0.17036;16.6541;23.81515;25.9722;20.12322;10.25588;19.349;22.58102;23.05532;7.5139;17.83187;8.92758;13.6326;25.11334;23.5527;24.04702;25.75524;17.26092;21.9077;20.96206
1998;12.47375;22.60906;11.96816;28.60256;14.6875;7.25656;-35.5896;3.22515;22.4913;6.4072;12.55697;20.43795;9.98672;27.82794;28.60446;25.2728;10.949;25.43655;9.58718;6.51116;25.74865;20.17428;25.35568;26.70068;8.40783;22.48486;26.04305;-2.59482;4.91076;9.4294;7.45486;26.57556;24.89526;24.42605;25.10253;23.93023;23.1478;26.11135;20.86382;19.52902;8.31365;9.1131;28.66595;8.34457;24.0619;23.47003;20.39095;22.95742;26.84652;13.97543;5.3683;23.61508;1.37814;24.07815;7.34847;13.0031;24.85424;9.50576;8.63943;27.70776;26.24908;28.37396;28.27154;24.01083;14.3468;-18.18024;23.25503;25.7164;23.8137;11.4644;25.18484;10.65154;25.3011;23.84478;9.9937;18.42803;23.4659;0.75485;20.29925;12.63616;25.77075;19.76565;12.02886;6.32916;24.79586;0.57836;27.99578;12.95635;10.06017;26.5546;23.659;15.5774;25.324;22.2169;27.02807;11.32156;6.69973;8.83676;6.0307;19.776;9.8134;22.60116;20.8777;10.89144;28.84078;24.13592;8.77212;2.16412;23.91274;27.83102;21.68707;25.8828;22.14584;23.26843;10.2305;27.3507;27.41033;25.47024;-0.1847;12.7793;10.69515;28.47775;20.21002;25.01003;19.3069;25.99575;23.53524;8.32485;25.32473;7.75903;15.31252;23.20745;20.46404;28.00573;9.29254;-4.87827;19.42193;24.5313;26.24328;27.0783;27.7736;29.4488;25.58453;26.08322;25.93734;25.25814;27.31088;10.7867;26.3632;8.26058;9.91714;2.68905;19.1502;19.4312;26.98196;27.30718;27.09466;0.19113;16.53503;24.71636;26.4919;19.85095;11.84094;20.34817;22.63485;23.18905;8.3863;16.9063;9.88394;13.02084;25.62505;24.3335;24.72064;26.02828;17.86608;22.39922;21.6515
1999;12.38946;21.79577;12.30572;28.3882;14.40026;7.2045;-35.6497;2.76574;21.7807;6.39214;12.4216;19.64257;10.5322;27.27938;28.08853;25.48556;11.59176;24.83447;9.9149;7.76986;24.78454;19.7193;24.5778;26.0117;8.5058;22.25704;25.27252;-3.30167;4.9586;8.8605;7.2994;25.75775;23.99468;23.51473;24.2102;23.05367;22.0456;25.06152;20.98123;19.76425;8.45544;9.54818;28.4426;8.99227;23.3131;23.79086;19.33724;23.01602;26.84512;13.82217;6.4302;23.20403;2.4973;23.86535;6.93633;13.2811;24.06753;9.70876;8.17956;26.74874;25.54925;27.36688;27.43008;23.23028;14.6912;-19.1965;22.09957;24.91778;22.6487;11.67782;24.27618;10.88427;24.643;23.74697;9.95175;18.46908;23.6021;0.96447;20.18173;12.66107;24.9169;19.52972;11.76495;7.06643;24.9433;0.05065;26.5232;12.34408;10.41836;26.59014;22.65573;15.71285;24.71496;22.5077;26.03332;11.5955;7.70764;9.3873;7.14514;19.1566;10.7221;22.23657;20.54162;11.14266;27.88564;23.7182;9.37255;1.72686;23.27654;26.96575;20.9983;25.01666;21.52538;22.24578;10.8015;26.95037;26.90136;24.4459;0.7025;13.01;10.5761;28.12487;20.28314;23.9126;18.2184;25.1335;23.08285;9.00054;24.72155;7.19576;14.8369;23.4795;20.46743;28.0479;10.02075;-4.39457;18.7602;23.67706;26.2383;27.23586;27.15295;28.17382;25.37585;25.51232;24.80367;24.5305;26.89803;11.0063;25.49172;8.46804;9.7839;3.39;19.08618;19.38366;26.76696;26.48037;25.83248;-0.61274;16.79885;23.84014;26.03387;20.8537;12.0443;19.57412;22.3115;22.49087;9.47183;17.13482;9.4295;13.69717;24.76434;23.40405;24.38995;25.69055;18.3178;21.6538;20.9508
2000;12.41024;21.8294;12.12136;27.91534;13.91958;6.56664;-35.40102;2.66656;21.30773;7.2002;12.1069;20.08587;10.62676;27.34124;28.28903;24.92654;11.76364;24.6755;10.84063;7.92138;24.666;19.70696;24.46395;26.1418;7.69296;20.98858;25.28393;-4.1197;5.5602;8.36505;6.65237;25.90966;23.9406;23.63195;24.1312;23.25207;22.32272;25.10555;20.36248;19.13268;9.19717;9.9313;28.19164;9.3059;23.53033;23.351;19.45965;22.20062;26.66824;13.99246;6.9814;22.89288;3.73342;24.06017;6.3062;13.40396;23.99438;9.43267;7.5593;27.0586;25.58712;27.75564;27.51748;23.22488;14.32668;-18.578;22.24667;24.7265;22.66897;12.76104;24.5424;12.03423;24.6738;23.6061;9.60076;18.35348;22.9372;1.28863;19.54662;13.05248;24.97268;18.99395;11.56487;6.8902;25.14956;-0.1694;26.96954;11.96838;10.81414;26.00787;22.68105;14.9621;24.63854;21.63275;25.9984;10.62493;8.0963;9.69012;7.5399;19.48705;11.0221;22.27355;20.67816;11.28936;28.35464;23.1722;9.4301;1.0224;23.23693;27.45873;21.01403;25.14886;20.95733;21.9574;10.82568;26.77307;26.66647;24.63113;1.3319;12.19088;10.0923;27.7939;20.26788;24.09005;18.33315;25.26312;23.11077;9.5937;24.87115;6.5391;15.02123;23.4378;19.84744;27.41876;10.454;-4.18708;19.09478;24.14175;25.80972;26.67358;27.27883;28.56143;25.40963;25.35928;25.23934;24.3376;26.8845;12.07403;25.3322;9.2847;10.83212;4.34377;18.3416;18.82723;26.31628;26.77502;25.942;-0.66532;16.84646;23.9295;25.81066;20.23;11.0368;19.75497;22.44814;22.7743;9.24563;17.273;9.4833;13.6333;24.78542;23.40338;24.40313;25.60803;17.2194;21.65005;20.6278
2001;13.23657;21.8457;12.07067;27.93054;14.62573;7.29998;-35.0931;3.01196;21.4831;6.38183;12.49346;19.495;10.19073;27.48672;28.56313;25.14895;11.4584;24.82083;9.92547;7.12692;24.99615;19.99508;24.7835;26.2142;8.22167;21.71148;25.37298;-3.09644;5.1324;8.71655;7.04772;26.0494;24.0722;23.6912;24.2353;23.45248;22.5835;25.11068;21.04852;19.72656;7.87438;9.07247;28.11123;8.29846;23.74926;24.16522;19.61898;22.90014;26.7928;14.0623;5.96835;22.99294;2.18075;23.99606;6.64648;13.09826;24.02584;9.10787;8.1792;27.2347;25.87628;27.7733;27.68038;23.28716;14.56655;-18.37183;22.3123;24.98974;22.9027;11.8151;24.7714;10.77767;24.77258;23.69512;9.48138;19.01443;23.42187;1.52578;20.18734;12.82885;25.29864;19.5993;11.19555;6.95886;25.00778;0.24166;27.38967;12.18234;10.25442;26.5508;22.99478;15.83596;24.75518;22.41168;26.3661;10.80215;7.0943;9.17608;6.54632;20.19174;10.08578;22.46646;20.5446;11.0793;28.72863;23.46203;9.18698;1.5039;23.73153;28.0361;21.38934;25.22067;20.9015;22.1703;10.3044;27.1076;26.7285;24.8964;0.11343;12.56115;10.15032;27.83083;20.4337;24.37066;18.36416;25.4695;23.13314;8.2825;25.1494;6.71438;15.0878;24.08212;20.4889;27.5713;9.79644;-4.09275;18.7087;25.07052;25.9859;27.04513;27.24157;28.94927;25.51647;25.51815;25.4934;24.56185;27.08434;11.03332;25.51135;8.18908;10.1804;2.95834;18.88143;19.37878;26.77032;26.87972;26.29562;0.1294;16.98852;24.07046;26.03155;20.827;12.31066;19.75112;22.23358;22.48345;8.7949;18.06106;9.58184;13.77215;25.09448;23.6209;24.51168;25.5216;17.587;21.6834;21.1156
2002;12.87557;22.03762;12.15362;27.9892;14.42864;6.41305;-34.2768;3.01083;22.3513;7.3566;11.9049;19.98144;10.72024;27.37283;28.72924;25.14462;11.44912;25.24807;10.6302;7.72497;25.41274;20.51248;25.18865;26.42053;7.9264;22.5228;25.63726;-4.33216;5.67993;8.5039;7.17846;26.22604;24.2801;23.9158;24.58047;23.69634;23.04745;25.49322;20.63918;19.35726;8.77712;9.63265;28.5715;9.21502;23.89565;23.87533;19.8551;23.05184;27.10912;14.12368;6.21078;23.43746;2.3491;24.20117;5.95538;13.49288;24.506;9.7335;7.80322;27.26385;26.17483;28.20483;27.80737;23.59335;14.3238;-18.11468;22.79336;25.24972;23.38485;12.3469;24.98416;11.76962;24.92794;24.04348;9.92788;18.57412;22.92123;1.8984;20.10256;12.8806;25.49847;19.13012;11.60046;7.5388;25.09362;0.6773;27.77392;12.10705;10.64373;26.24618;23.06295;15.24954;24.90365;22.29882;26.44;10.9396;7.7321;9.7108;6.98974;19.64562;10.57476;22.5348;20.69503;11.13702;28.95797;23.47418;9.54922;1.93856;23.82208;27.55837;21.39657;25.484;21.387;22.447;10.73162;27.36028;26.86434;25.3028;0.7569;12.32238;9.9151;27.7793;20.6752;24.80193;18.65902;25.61306;23.13824;9.1888;25.2671;6.89758;15.1308;24.6078;20.29537;27.5754;10.22897;-3.70273;19.13482;24.14974;25.85122;27.25875;27.7528;29.06054;25.5005;25.74703;26.01312;24.7549;27.07775;11.66824;25.87505;8.91064;10.69927;3.59286;19.00826;18.7958;26.94598;26.78283;26.4931;0.08886;16.7339;24.24526;26.12167;20.42394;11.18408;19.981;22.3;23.06228;9.27874;17.51235;9.65582;13.59805;25.27474;23.91247;24.4276;25.51812;17.7693;22.01455;21.73477
2003;12.30792;22.186;12.23876;28.2581;14.94512;6.03173;-35.12154;3.00546;22.26364;6.87448;11.3464;20.22518;10.52773;27.55087;28.6006;25.13323;10.76037;25.26333;10.11163;6.6504;25.57162;20.19424;24.9715;26.31616;7.93255;22.95867;25.8871;-3.77778;5.60296;9.17544;6.96923;26.45107;24.51272;24.01202;24.72552;23.70342;23.0297;25.70648;20.60406;19.26797;8.50427;9.5185;28.37136;8.66082;23.86447;23.83987;19.74383;22.8228;26.94174;14.39608;5.673;23.2832;2.62972;23.79833;6.6246;13.8054;24.63317;9.72164;7.22036;27.34988;26.1079;27.6997;27.68264;23.73467;14.26385;-17.50414;22.97524;25.3819;23.50616;11.9476;24.951;10.80966;24.89077;23.78515;9.9751;18.3205;22.90383;2.5696;19.92874;13.09393;25.57122;19.14855;11.3658;6.2894;25.27203;-0.2045;27.56494;11.9891;10.3594;26.28594;23.13262;15.10256;25.03335;22.22918;26.47537;11.58575;6.88818;9.65673;6.31652;19.7517;9.60763;22.50384;20.74624;11.0707;29.0012;23.53057;9.1528;0.6799;23.71472;27.70043;21.2667;25.37;21.7626;22.31243;10.42492;27.55428;27.08175;25.36822;0.71276;12.30306;9.88485;28.01824;20.02343;24.72064;18.68;25.51714;23.12237;8.33148;25.2285;7.1421;15.44726;24.01843;20.0836;27.63445;9.3067;-3.37723;19.37783;24.48092;26.13772;27.31194;27.79034;28.6713;25.53173;25.7956;25.73605;24.9257;27.20895;10.90338;26.05193;8.4244;10.227;3.5586;19.58523;18.78857;27.1203;26.89224;26.36782;-0.57117;16.05215;24.3445;26.3213;20.48724;11.17416;19.79266;22.87383;23.0903;8.05132;17.0426;9.61154;12.8456;25.4393;23.9565;24.2986;25.69366;18.1081;21.92022;21.53683
2004;13.05148;21.84524;11.76708;28.17068;14.89227;6.26785;-35.28493;2.9684;22.11657;6.3737;12.12463;20.15347;10.0515;27.4691;28.7964;25.253;11.0787;24.82537;9.822;6.78326;25.51342;20.11114;24.84408;26.12936;7.859;21.79943;25.9116;-4.80662;4.95944;9.216;7.14932;26.41042;24.46707;24.0374;24.68948;23.7547;23.0146;25.391;20.21865;18.99932;8.09014;9.0846;28.67968;8.7254;23.64135;23.49877;20.24505;22.8387;27.05966;13.79385;5.8572;23.22106;2.77087;23.95843;7.46746;13.08648;24.4616;9.69692;7.74816;27.2516;26.14633;27.72772;27.68072;23.73168;14.20535;-18.35663;22.58685;25.31045;23.38174;11.37148;24.5906;10.6192;24.8891;23.82623;9.88708;18.5452;22.85192;2.3212;19.74334;12.53457;25.45004;19.15383;12.23797;7.74993;25.26837;0.52084;27.4652;12.79498;10.0964;26.0747;22.70074;14.86517;25.02633;22.21337;26.45703;11.31906;6.77444;8.90817;6.31878;19.3761;10.15533;22.50128;20.22933;10.92455;28.90173;23.2959;8.89044;1.8597;23.5654;27.3894;21.0316;25.39974;21.4812;22.3503;10.35095;27.62615;27.15212;25.2007;1.13867;12.55;9.3891;27.87252;20.79986;24.93908;18.6155;25.58587;22.99548;8.36077;25.12933;7.4951;15.116;23.62426;19.99966;27.5732;9.5253;-3.99525;19.4625;24.07635;25.90008;27.2574;27.8467;28.7528;25.458;25.6904;25.81976;24.68228;27.01656;10.7125;26.11855;8.02682;9.53954;3.40432;18.98058;18.66024;27.12985;26.76748;26.3023;-0.034;17.12927;24.18154;26.30694;20.0851;11.1154;19.63912;22.57647;23.16888;8.71258;17.637;9.5881;14.25668;25.36257;23.5039;24.22527;25.71783;18.0288;21.5924;21.15832
2005;11.80175;22.40685;11.12496;28.18047;14.5521;6.5408;-34.709;2.59414;22.77435;6.06182;12.40316;20.48254;10.37277;27.80288;28.9661;25.57958;10.5792;24.8872;8.99706;6.8321;25.878;20.18618;25.1666;26.31005;8.1061;22.92425;26.1341;-3.21973;4.74578;8.76776;6.807;26.48123;24.73412;24.2666;24.92324;23.97253;23.0974;25.17193;20.00378;18.7185;7.91793;9.178;28.54235;8.73022;23.97335;23.89044;20.54388;22.8928;26.8071;13.7348;5.8639;23.49148;3.44784;23.9922;6.51895;13.0795;24.5642;9.65093;8.01138;27.39294;26.1549;28.2223;28.02105;23.79302;13.94106;-17.32984;23.04913;25.5946;23.64175;10.75533;24.87756;10.20953;24.96176;23.75552;10.06143;18.25057;22.92587;1.50164;19.6258;11.98663;25.41244;19.00903;11.3424;7.37148;25.6116;-0.04203;27.42413;11.75958;9.45922;26.05203;23.0909;14.56695;25.06622;22.47637;26.6878;11.69723;6.84133;9.28842;6.28707;19.56664;10.12518;22.52566;20.84475;10.34786;29.04467;23.93432;8.15814;0.8449;24.3079;27.90508;21.82644;25.54757;21.98733;22.286;10.56695;27.89147;27.52438;25.48342;1.46508;12.5638;10.53658;27.91277;19.6034;24.97555;18.8855;25.70205;23.17544;8.36773;25.3753;6.35366;15.14144;23.74682;19.72738;27.29717;9.14803;-3.0053;19.63345;24.4289;25.92883;27.45715;28.18688;28.95956;25.7275;25.63818;25.63796;24.7113;27.10708;10.00552;26.15307;7.87307;9.18582;3.82412;19.3608;18.5772;27.49972;26.98776;26.638;-0.62424;17.0998;24.57647;26.66216;19.97662;11.2989;19.77737;23.14333;23.43362;8.83618;17.7535;9.90194;13.91863;25.7122;23.6258;24.36608;25.96005;18.12023;22.53164;22.2576
2006;13.26205;21.68475;11.38976;28.30883;15.1267;6.9163;-35.16707;2.68478;22.08468;6.72857;12.3511;20.04473;10.71072;27.76324;28.71923;25.7539;10.942;24.8623;9.8394;6.88625;25.34734;20.3877;24.93478;26.14703;8.47195;21.03784;25.8482;-2.3529;5.62502;9.19033;7.3817;26.49902;24.62557;23.9258;24.6592;23.7757;23.013;25.3386;19.95648;18.61617;8.42672;9.729;28.32318;9.3842;23.97994;23.83666;20.57266;22.821;26.75204;14.56533;6.4616;23.4292;3.09042;23.89993;6.97378;13.59768;24.4769;9.94955;8.11666;27.43215;26.02752;27.7774;27.6553;23.6936;13.97305;-18.36901;22.6634;25.15426;23.47732;11.7125;25.0223;10.9713;24.95703;24.01257;10.13174;18.6099;23.10043;2.09185;19.51818;12.73638;25.68484;18.96627;11.62316;7.27056;25.36886;0.7121;27.48416;12.407;9.7957;26.36562;23.22646;14.66522;25.09188;22.38363;26.44143;10.63134;7.34518;9.70678;6.9906;19.65392;9.87533;22.7516;20.90765;10.61407;28.52294;23.52853;8.60134;1.72537;23.86553;27.4853;21.30624;25.2924;20.61834;22.10076;11.06585;27.5453;27.46823;25.29437;1.86712;13.03372;9.6108;27.8809;20.70263;24.86416;18.7244;25.82443;23.13796;8.7443;25.41625;7.29476;15.60934;24.3956;19.61407;27.7975;9.4881;-4.2312;19.27856;24.42236;26.01165;27.2089;27.61877;28.7478;25.56503;25.80117;25.72476;24.7128;27.11633;10.71823;25.77416;8.40725;10.04696;4.2186;18.76516;18.66076;27.39654;27.0273;26.49572;0.60113;17.10125;23.91125;26.37982;20.37203;11.37148;20.26544;22.69723;22.93554;8.40814;17.93762;10.0156;13.62118;25.54876;23.84197;24.2191;25.99252;17.4284;21.67153;21.28338
2007;12.3913;22.05883;12.49792;28.34377;14.16946;6.1675;-34.40673;2.41668;22.30914;7.4565;12.08773;20.05505;10.79223;27.56933;28.69576;25.22863;12.16638;25.16903;10.79772;7.85998;25.51544;20.25347;25.13336;26.1398;8.4249;21.98422;25.71337;-4.01343;5.7806;8.42394;7.58886;26.56393;24.4586;24.02297;24.72915;23.8921;23.00274;25.4503;20.49606;19.2114;9.16937;10.0503;28.3334;9.45995;24.0101;23.73434;20.46526;22.93862;26.4124;13.58355;6.69372;23.5229;3.24584;24.6055;6.18386;13.3025;24.5898;9.80096;8.04385;27.4383;26.0008;27.7835;27.70223;23.74294;14.9233;-18.54172;22.86553;25.0335;23.41006;12.54296;25.0865;12.14178;24.9568;23.88842;10.31698;18.1143;23.10485;1.87682;19.9008;13.11837;25.53488;19.27926;12.0057;7.61474;25.35977;0.72292;27.19015;12.68597;11.10977;26.1599;23.04888;15.0784;25.12612;22.6022;26.3542;11.265;7.74932;9.7702;7.2402;19.33593;11.75524;22.55508;20.5646;11.91216;28.6701;23.31423;9.7653;2.90023;23.85055;27.38162;21.2743;25.27905;21.71176;22.68347;11.12792;27.47964;27.0181;25.30068;1.2709;12.73638;10.10455;28.16226;20.25695;24.85677;18.6206;25.80905;23.2143;9.38052;25.46606;7.63833;14.78176;23.7994;20.09673;27.89904;10.87243;-2.47434;19.0902;24.0962;26.07766;27.0297;27.58325;28.8974;25.83087;25.77468;25.57183;24.89694;27.48904;11.89965;25.67227;9.3803;10.84097;3.8799;19.03646;18.87908;27.27435;26.9709;26.39663;0.4883;16.78915;24.2538;26.31484;20.31417;11.6127;20.15853;22.74032;22.8729;10.036;17.1788;9.91924;13.8606;25.63497;23.6738;24.751;26.00073;17.84634;21.81475;21.37243
2008;12.53796;21.9557;12.3504;27.91598;15.06646;6.65304;-35.41463;2.96197;22.04653;7.29788;12.03958;19.84338;10.14553;27.3844;28.326;25.39108;11.7996;25.1772;10.84585;8.0791;25.24865;20.0763;24.78323;25.98046;8.22024;21.75906;25.55972;-4.21796;5.47024;8.98266;7.04882;26.41284;24.3596;23.94207;24.59948;23.709;22.76922;25.38915;20.81466;19.47762;8.98446;9.66998;28.08648;9.4445;23.66848;23.63122;20.45098;23.24584;26.79794;13.52422;7.14184;23.29058;3.23724;24.25024;6.69912;12.99563;24.46136;9.2557;8.091;27.35464;25.781;27.8625;27.63766;23.74105;14.94595;-18.48496;22.53726;24.84988;23.21823;12.4555;24.73162;11.87722;24.77886;23.65618;9.57382;18.36398;23.13732;1.61324;20.20443;12.9758;25.17498;19.42736;11.74548;7.4769;25.31194;0.24133;26.92538;12.44912;11.0574;26.15316;22.39794;15.336;24.99157;22.67538;26.28503;11.46493;8.17666;9.07513;7.67806;19.33746;11.12936;22.33376;20.60986;11.90664;28.35858;23.38088;9.72445;1.9245;23.66512;27.46716;21.01876;25.0833;21.26898;22.51275;10.5173;27.0221;26.82015;25.06448;1.09527;12.63482;10.19363;27.4787;20.06295;24.53875;18.6148;25.5495;23.03283;9.4515;25.0106;7.52038;14.67907;23.62747;20.34707;27.6699;10.4814;-2.81122;18.9677;24.28716;25.77444;27.3355;27.54833;28.7305;25.5254;25.52233;25.1674;24.36968;26.96407;11.8579;25.49822;9.31948;10.59136;4.00884;18.8771;19.06274;26.82183;26.91085;25.8994;0.01748;16.39123;24.23223;26.2675;20.38375;11.50173;19.90273;22.42596;22.74056;9.54147;17.79232;9.0432;13.18286;25.35116;23.12005;24.43603;25.3893;17.87393;21.55782;21.24493
2009;12.16912;22.2244;12.39507;28.33856;15.16332;6.416;-34.34681;2.70266;22.53323;6.9739;12.2776;20.2254;10.23916;27.81994;29.02896;25.91802;11.69518;24.99606;10.547;7.161;25.84554;20.40627;25.0071;26.47405;8.72592;21.506;26.02834;-4.03864;5.56265;8.87078;7.25588;26.47396;24.7645;24.17602;24.79153;23.98678;23.12075;25.32897;20.68362;19.3589;8.53216;9.3801;28.49575;8.8643;23.86303;23.77822;20.70345;23.099;27.4665;14.32717;5.80404;23.98922;2.48037;23.57696;6.3209;13.4269;24.55047;9.37213;8.31616;27.583;25.99777;27.65737;27.40545;23.87133;14.7673;-19.07683;23.26956;25.3924;23.47488;12.3409;24.8945;11.78677;25.14553;24.37438;9.5355;18.4794;22.9829;1.9377;20.29434;12.98263;25.60763;19.40573;11.80834;6.78433;25.7586;-0.1441;27.0148;12.44396;10.8171;26.09203;23.11804;15.19113;25.0188;22.64663;26.64507;11.16784;7.0369;9.28372;6.46465;19.83447;11.06603;22.70898;21.06423;11.4364;28.96774;23.92416;9.66366;1.34557;23.75137;27.71707;21.28753;25.4529;21.29583;22.099;10.44714;28.23806;27.5095;25.2663;0.85656;13.11758;9.5885;28.2832;20.39153;25.04315;18.86404;25.6681;23.0946;8.5847;25.41726;7.05694;15.54165;24.12985;20.50253;27.8312;10.51272;-4.1626;19.38064;24.70602;26.24886;27.78213;28.2672;28.58346;25.84612;25.8438;26.07244;25.164;27.42562;11.61556;26.10412;8.98074;10.57906;3.281;18.89263;18.92025;27.84545;27.19796;26.27233;-0.56852;16.87155;24.39276;26.47473;20.14526;11.5649;20.08093;22.9348;23.43932;9.41528;17.392;9.16216;13.56777;25.86804;23.77508;24.18322;26.1556;17.75137;21.57833;21.0073
2010;13.23443;22.32165;12.3242;28.97158;14.56387;8.6506;-35.47777;3.1957;21.77706;6.07748;13.68575;20.6452;8.98565;28.0816;29.17535;25.9638;11.63738;24.50625;10.01275;7.02767;25.6228;20.7168;25.33065;26.467;8.83956;22.0871;26.08068;-1.76493;4.47433;8.59127;7.04098;26.79803;25.05544;24.45846;25.11138;24.24542;23.21435;24.9247;21.37054;20.23037;7.2959;8.0358;28.1969;6.9141;24.16946;24.9774;20.88833;24.56835;27.23846;13.47506;4.82397;23.5882;1.21743;24.37698;6.5133;12.49505;24.91116;8.2014;10.14843;27.8298;26.23672;28.4526;27.986;24.13387;15.18365;-15.97275;23.1643;25.36276;23.35165;11.38635;25.04516;10.62335;25.27685;24.32458;8.5091;19.48574;24.58914;2.05154;21.6809;12.27545;25.43948;21.28784;12.06292;7.09243;25.50567;0.443;27.9699;12.0406;11.02255;27.45834;23.6068;16.9562;25.2057;24.05242;26.58813;11.94534;6.26547;8.14877;5.6149;20.3316;10.48745;22.95092;20.3303;11.64373;29.77896;24.19604;9.52404;0.52593;24.1857;28.82272;21.69793;25.6574;21.59808;22.94915;8.9902;28.67208;27.7547;25.36144;-0.90385;13.2379;10.4083;28.35427;20.6514;25.126;19.1276;26.03506;23.53933;7.55267;25.63143;6.64395;15.24;23.57192;21.93795;28.3137;9.94113;-4.09012;19.80334;25.51022;27.01806;28.25408;28.04098;29.35867;26.06225;25.80914;25.62347;24.849;27.5481;11.21407;26.00323;8.10397;9.58206;1.4044;19.4635;20.66326;28.155;27.50143;26.9606;0.18356;17.4755;24.70263;27.00338;20.7395;13.22946;20.00756;23.01638;23.0711;9.44164;17.38952;9.54727;14.1944;25.96047;24.22863;24.80505;25.99453;18.224;22.03964;21.8019
2011;12.8292;21.84023;12.17474;28.45745;14.84103;5.89663;-34.39043;2.98718;21.36947;7.33502;11.40164;19.93716;10.92437;27.9178;29.08477;25.20202;10.842;25.23977;10.42166;7.55654;25.75698;20.50997;24.8891;26.24948;8.12982;21.39846;25.5682;-3.46256;6.24587;8.80544;6.77953;26.38708;24.50314;24.1432;24.7723;23.8425;22.88186;25.36855;20.0697;18.72216;8.72115;9.8316;28.0145;8.99334;23.78414;23.77355;20.60702;22.54034;26.6782;14.5894;6.7689;23.39626;3.65374;24.07964;6.8663;14.01315;24.68005;9.8961;7.3623;27.49212;25.94283;28.08453;27.63052;23.89062;14.03942;-19.23524;23.25277;25.23916;23.42956;12.11038;24.84832;11.22033;24.9598;23.6824;9.83526;18.37798;22.30728;1.70205;19.6866;13.1251;25.31478;18.89437;11.55105;6.11575;25.502;0.1929;27.18377;11.7846;10.56036;25.7107;22.41778;14.66897;24.91714;21.95385;26.37664;10.60922;7.60116;9.96334;7.1785;19.6559;10.27468;22.71853;21.1512;11.1174;29.05584;23.3263;9.57614;0.83392;23.87234;27.8366;21.58746;25.28906;20.3933;22.3475;10.8006;27.92477;27.25427;25.1305;1.5836;12.3904;10.2312;28.0082;20.23098;24.71798;18.59887;25.53002;23.05676;8.931;25.04543;6.68496;15.67867;23.75692;19.8706;27.57485;9.63076;-2.94095;19.0333;24.54202;25.86285;26.98483;27.54098;28.98013;25.91107;25.54882;25.6342;24.68084;27.1631;10.96996;25.87176;8.77407;10.59243;4.38323;19.0441;18.36126;27.25475;27.21734;25.76394;0.11355;16.26397;24.05468;26.5366;19.978;10.6175;19.54406;22.7332;22.87682;8.79522;17.35137;9.60357;13.03524;25.45382;22.98828;24.44875;25.88455;17.30853;21.6857;21.492
2012;11.45486;22.13476;12.60952;28.64147;15.26837;6.96914;-35.3451;3.5169;21.76977;7.10684;12.7278;20.02517;9.99578;27.51296;28.6219;25.28546;11.8811;24.86434;10.69;6.86498;25.58846;20.48977;25.16763;26.35964;8.00836;22.16094;25.60903;-3.02653;5.43368;9.0576;6.49264;26.3213;24.46;24.11434;24.74313;23.83856;22.96072;25.19778;20.58126;19.25356;8.55782;9.2681;28.06472;8.33358;23.8482;23.69998;20.57195;23.15167;26.97692;14.0195;5.1529;23.59173;1.91793;23.90807;6.54028;13.25536;24.6721;8.94222;8.6948;27.3652;25.7189;28.08065;27.56793;23.8583;14.97027;-17.50507;23.046;25.2779;23.32815;12.40405;24.89004;11.82635;25.03613;23.78295;9.54052;18.13708;23.27957;1.98123;20.4007;13.12667;25.46148;19.85266;11.37316;6.57757;25.35568;-0.58402;27.8621;11.70632;11.354;26.36108;23.5451;15.3137;24.87524;22.46075;26.61212;11.15438;6.75015;9.07827;6.02004;19.68673;11.01846;22.59686;21.1251;11.83276;28.41516;23.78143;9.91747;0.21136;23.84088;27.3346;21.4849;25.36025;21.1037;22.17504;10.17178;27.82293;27.01022;25.12277;0.59667;12.21984;9.8;28.11218;19.65005;24.9343;18.7409;25.7578;23.16546;8.52325;25.50973;6.34277;14.8278;24.3735;20.5912;27.72756;10.41058;-3.44456;19.1957;24.4046;26.27062;27.27908;27.57812;28.70175;25.8676;25.49062;25.91888;24.64092;27.21606;11.7135;26.13296;8.9492;10.64523;2.80953;19.27392;19.41796;27.3568;26.91802;26.68377;-1.00687;16.46542;24.07144;26.43713;20.671;11.6371;20.01245;22.8162;22.96148;9.26782;18.07925;10.4402;13.13058;25.47836;23.903;24.30306;26.00417;17.70657;21.86965;21.78314
2013;12.67358;22.3626;12.7526;27.7878;15.14538;6.68548;-34.54278;3.03024;22.94073;6.90737;12.41137;20.27117;9.48647;27.74117;28.88552;25.26486;12.02392;25.2225;10.69525;7.59686;25.80023;20.23245;25.0576;26.43276;8.34652;22.4087;26.0491;-4.02393;4.94842;9.1069;7.25616;26.4697;24.61233;24.38445;24.89733;24.00317;23.1194;25.53732;20.64517;19.29028;8.18072;8.86392;28.1587;8.3694;24.00317;23.81802;20.59933;23.1908;27.25787;13.6366;6.52154;23.38625;3.5915;24.23855;6.6359;12.84817;24.80563;8.9722;8.30544;27.51656;25.99835;28.1518;27.5313;23.973;15.18188;-18.81054;23.2689;25.12396;23.6897;12.04168;25.18502;11.5346;25.1472;23.60967;9.57012;18.69726;22.68026;1.5914;20.1977;12.78774;25.71584;19.43475;11.74444;8.0401;25.22088;0.6037;27.5629;12.2768;11.29534;25.9176;23.11776;15.34683;25.11694;22.864;26.43276;11.64013;7.43362;8.51187;6.8773;19.6153;11.02642;22.59792;20.68102;12.01174;28.79617;23.72708;9.958;1.6032;23.6948;27.78597;21.6609;25.5199;21.95358;22.10058;9.70147;28.01867;27.2667;25.3774;0.94943;12.58636;10.71514;27.66284;20.13574;25.05273;18.7355;25.84774;23.30947;8.53195;25.3923;6.7501;15.0392;23.80126;20.31744;26.9735;10.40026;-3.27018;19.5321;24.5731;25.84948;27.62948;28.01284;28.90365;25.96392;25.77334;26.09023;24.45672;27.0944;11.75927;25.66757;8.8641;10.36718;3.6707;18.86767;19.36828;27.8756;27.08987;26.39245;0.5376;17.37582;24.4659;26.5445;20.4206;11.5842;20.03066;22.88662;22.92028;9.6136;17.26458;9.2462;14.3553;25.82134;23.7657;24.49636;25.76428;17.85406;22.16427;21.59725
2014;12.12618;22.38784;12.72338;28.02944;15.06262;7.41818;-35.07361;2.47433;22.6353;8.07064;12.8623;20.37686;11.25515;27.73403;28.9593;25.40856;11.7881;25.43115;11.2433;7.81683;25.61907;20.50323;25.16772;26.2185;8.37817;21.5489;26.04485;-4.14097;6.16284;8.93868;7.17834;26.48153;24.57836;24.42083;24.8753;24.14407;23.2345;25.50814;20.63363;19.27856;9.70822;10.4969;28.04406;10.08538;24.17605;24.29522;20.6951;23.5111;26.9036;14.55227;6.71316;23.58877;3.76617;23.8928;6.37823;14.04272;24.79135;10.14602;9.13497;27.50884;25.9424;28.0074;27.40093;24.0695;15.0414;-18.17478;23.086;25.21194;23.63534;12.824;25.3949;12.40655;25.20913;23.83483;10.07437;18.38967;23.32586;2.8006;20.29888;13.46108;25.84258;19.65865;11.49386;6.1073;25.50518;-0.32868;27.53335;12.57855;11.4011;26.55572;23.22515;15.67767;24.9632;22.90637;26.47756;11.57855;7.88998;10.3125;7.26553;19.68942;10.74493;22.71047;20.8579;12.02322;28.7133;23.9289;10.28127;1.84896;23.72653;27.72387;21.70803;25.48107;21.33083;22.2718;11.57528;27.93936;27.1151;25.4707;2.08047;12.39025;10.16635;27.82003;19.8129;25.22576;18.84582;25.68377;23.2333;9.67608;25.66088;7.5743;15.25866;24.44393;20.4201;27.40145;10.58376;-3.4603;19.53048;24.33505;26.29162;27.5002;27.85705;28.8923;25.97616;25.62667;26.25967;24.70202;27.4177;11.96874;26.07977;10.01525;11.41744;4.64526;19.08566;19.7974;27.62917;27.10684;26.43545;-0.33506;16.17944;24.30612;26.43044;20.9086;12.50594;19.87737;22.85214;23.3119;9.41863;17.82617;9.53155;12.62115;25.9033;23.84982;24.3966;25.92178;17.94726;22.22607;21.464
2015;12.8032;22.7907;12.78646;28.94662;15.2032;7.384;-35.47999;2.91696;22.54815;7.9527;12.709;20.63134;10.627;27.84118;28.83944;25.4132;11.96276;25.78207;10.80322;8.6509;26.14993;20.92275;25.6816;26.5169;8.22827;23.18737;26.25915;-3.54154;6.33676;9.3269;7.52566;26.52313;24.72863;24.5434;25.06524;24.3744;23.4707;25.92556;20.4938;19.18133;9.6244;10.0956;28.88262;9.1987;24.48593;23.91763;21.25234;23.2488;27.6762;14.68743;7.26016;24.01516;4.02487;23.70724;6.2239;13.8954;24.90942;9.46218;9.13442;27.72564;25.9854;27.91732;27.44366;24.11617;14.70312;-19.70238;23.58224;25.4529;24.04577;12.53964;25.72692;12.11782;25.33178;24.107;9.44094;19.06198;23.46218;1.2714;20.23394;13.47552;26.13094;19.70297;12.25448;7.69628;25.74508;0.60287;28.0781;12.93466;11.2036;26.87213;23.67272;15.325;25.17233;22.28088;26.54022;12.5892;8.2998;9.78762;7.71697;19.83236;11.77352;22.7434;20.92498;11.82086;28.67434;23.7526;10.0718;2.1766;24.2305;27.9166;22.03674;25.70812;22.2852;22.31576;10.7683;27.41772;27.28408;25.74514;1.77444;12.565;10.02474;28.43484;20.1042;25.6113;19.23205;25.90264;23.23266;9.83465;25.642;7.7137;15.60964;24.7336;20.39996;28.21838;10.93377;-2.62906;19.84408;24.33108;26.7636;27.63503;28.4058;28.8415;25.90905;25.76232;26.91116;24.90142;27.4272;11.92394;26.2248;9.64752;10.9951;4.3702;20.1147;19.68713;27.4516;27.2565;26.8415;0.49038;17.0529;24.27917;26.5843;20.27813;11.94613;20.10754;23.11837;23.5402;10.11205;17.8943;10.41577;14.07272;26.2723;24.4171;24.34792;26.06973;18.8559;22.30602;22.17193
2016;13.60204;22.8606;12.7554;28.24374;14.6966;6.53466;-34.87665;3.46407;22.43765;7.4631;12.09966;20.92217;10.35888;28.08795;29.10766;25.87933;11.95104;25.53265;10.5883;7.7785;25.95135;20.63128;25.5639;26.9586;9.03973;23.10467;26.4699;-2.68784;5.82614;9.61886;7.6318;26.88918;24.9588;24.89697;25.39822;24.50857;23.4712;25.68243;21.22976;19.8727;8.8983;9.70233;29.01235;9.1752;24.30322;24.7357;21.31643;23.63;27.4611;14.4598;6.30575;24.14242;3.328;24.3881;6.65786;13.50033;25.29586;9.54775;8.4582;28.02325;26.24706;28.33123;27.76693;24.48403;15.07217;-16.6551;23.54226;25.71685;24.0649;12.18444;25.34036;11.52276;25.6242;24.49938;9.7372;19.1755;23.5105;2.69018;20.7418;13.2768;26.01254;20.1509;12.3024;7.60473;25.734;1.02474;28.1026;13.11477;10.9685;26.77197;23.63018;16.0214;25.57302;23.22433;27.10522;12.26772;7.60726;9.2757;7.01412;20.0296;11.16857;22.6606;21.10717;11.84124;29.28295;23.98776;9.86532;1.43112;24.47268;28.26617;22.12817;26.15765;22.6783;22.95666;10.65295;28.40954;27.41265;25.80798;1.97717;13.47408;10.7694;28.1184;20.98684;25.39242;19.35565;26.28506;23.68218;9.25872;25.5955;7.53906;15.49474;23.4505;20.86083;27.61413;10.40316;-2.82517;20.28668;24.7102;26.54528;27.77822;28.83038;29.2322;26.24178;26.11343;26.60418;25.1618;27.54858;11.51852;26.30367;9.07928;10.6508;3.87637;20.01388;20.1256;27.78762;27.54177;26.986;1.22872;17.3402;25.17217;26.79183;20.95397;12.128;20.142;23.0981;24.0208;9.50646;17.26745;10.8682;14.51464;26.1574;24.38137;24.85864;26.05825;18.83804;22.44784;22.34606
2017;13.36248;22.648;12.69406;28.973;15.20892;6.75283;-34.99186;3.55322;22.5132;7.2739;12.40774;20.642;10.72714;27.9684;28.9232;25.533;11.56054;25.528;10.44302;7.68026;25.83203;20.67745;25.37765;26.5951;8.91506;21.78494;26.4256;-3.27085;5.82818;9.117;7.6372;26.74178;24.90838;24.61486;25.03893;24.2524;23.19344;25.63207;20.89752;19.51245;8.7759;9.74035;29.08044;9.07098;24.17065;24.17562;20.95703;22.9066;27.62054;14.93282;6.17043;23.94225;2.72762;24.51974;7.1454;13.6662;25.09094;9.8383;8.6152;27.93084;26.38088;28.54388;27.88925;24.4784;14.77175;-17.94604;23.31475;25.60732;23.71295;12.28146;25.18826;11.5206;25.28958;24.3673;10.0659;19.01763;23.66006;2.51507;20.4166;13.23672;26.0293;20.0957;11.6046;7.42544;25.83572;0.17468;27.5686;12.51245;10.89657;26.96777;23.43533;15.77188;25.51714;21.80807;26.62988;11.7867;7.5052;9.63867;6.76266;20.62472;10.99453;22.9612;21.27282;11.74655;29.09985;23.82687;9.67327;2.46154;23.90408;28.22067;21.81143;25.67077;21.8903;22.55288;10.86364;27.56832;27.39498;25.45693;1.13442;13.1396;10.5983;28.2631;20.7549;25.14813;18.97405;25.86974;23.41555;8.9929;25.5074;7.2509;16.01003;24.51498;20.57192;28.08685;10.36514;-2.61344;19.9243;25.31664;26.85284;27.73455;28.7069;29.21807;26.11822;26.25967;26.23077;25.03625;27.51937;11.55648;26.17904;8.84362;10.702;3.5277;19.22524;19.83364;27.58264;27.47054;26.53045;0.67947;16.8933;24.64626;26.49554;20.09298;11.85266;20.155;23.2581;23.68606;9.72582;18.44225;10.53256;13.7028;25.5411;24.0594;24.66573;25.96594;18.2827;21.94012;21.22616
2018;13.55532;22.7358;13.26672;28.99325;15.02;8.3257;-34.26076;3.40142;22.646;8.1548;13.26513;20.3065;11.19024;27.717;28.96932;25.30038;11.9601;25.37524;11.0149;7.94415;25.59173;20.23644;25.08846;26.69814;8.37655;22.6366;26.22338;-4.25437;6.70938;9.05972;7.28866;26.47744;24.79778;24.46542;25.06185;24.06387;23.02154;25.58474;21.82818;20.4678;9.83;10.63958;28.59335;9.6061;24.0998;24.18823;20.7449;23.9954;27.24838;14.03735;6.8908;23.47518;3.46047;24.36178;7.15905;14.1204;25.0066;9.73962;9.84326;27.67547;26.22183;27.84326;27.42074;24.34872;15.32824;-18.47811;23.18267;25.26104;23.53085;12.8216;25.28265;12.4491;25.2912;24.15823;9.8988;19.45666;24.00857;1.98892;21.27197;13.54586;26.05914;20.511;12.2503;6.18362;25.11758;0.00863;27.73693;12.42928;11.41207;27.31042;23.28918;16.53155;25.34387;23.66876;26.24673;11.71917;8.09042;10.3747;7.5147;18.99102;10.94222;22.7047;20.9429;12.23495;29.06616;23.52825;10.4045;1.65444;24.07253;27.18524;21.72628;25.72146;22.18502;22.12808;11.2833;28.15203;27.21334;25.35055;1.60406;12.79452;10.7653;28.3552;20.85406;24.92352;18.6374;25.99987;23.4263;9.87774;25.23196;7.18783;15.02523;23.72015;21.37997;28.46456;10.7857;-3.17823;19.5709;23.4867;26.87942;27.65548;28.39968;28.81683;26.062;26.04992;26.3888;24.4833;27.08907;12.04778;25.79733;9.9924;11.2406;3.96197;19.22222;20.3648;27.874;27.22366;26.47924;0.43246;17.18145;24.67956;26.19937;20.52648;13.22552;20.00646;22.72366;23.2005;9.69076;17.9927;10.14813;13.46304;25.57275;24.09683;24.39;25.70144;18.36978;22.2488;21.91152